url	prompt
https://pixabay.com/videos/dubrovnik-sunset-sea-city-12866/	sunset, a small town, light, house, river
https://pixabay.com/videos/seoul-city-streets-road-night-view-21985/	cyberpunk, red neon light, street, day, lots of cars, traffic, bright
https://pixabay.com/videos/easter-bell-daffodil-easter-spring-34826/	white flower, grey background, painting
https://pixabay.com/videos/airport-people-crowd-busy-36510/	cyberpunk style, blue neon light, a group of people are walking in the subway passage
https://pixabay.com/videos/surf-sea-ocean-wave-beach-water-36609/	blue sea, many people are surfing, surfboard
https://pixabay.com/videos/ijen-crater-indonesia-mine-volcano-37079/	volcanoï¼Œred, danger, magma, cloud
https://pixabay.com/videos/waterfall-water-river-nature-37088/	oil painting, jungle, falls, waterfall
https://pixabay.com/videos/bee-oilseed-rape-blossom-bloom-37144/	bee, red flowers, beautiful
https://pixabay.com/videos/underwater-sea-ocean-water-37712/	shining, glowing bubbles in the deep sea
https://pixabay.com/videos/woman-phone-smartphone-technology-38084/	a woman with a phone, hands, pink fingernail
https://pixabay.com/videos/bee-honey-insect-beehive-nature-39116/	spring, yellow bee
https://pixabay.com/videos/cycling-man-bike-helmet-road-39183/	cloudless day, a man, bike helmet, riding, bright
https://pixabay.com/videos/nature-rain-plant-water-garden-42420/	withered yellow plants in a bottle
https://pixabay.com/videos/china-the-poet-tea-culture-read-43238/	yellow clothes, Chinese, teapot, hand, book
https://pixabay.com/videos/girl-writing-student-female-book-43459/	a beautiful girl is writing, sitting on a sofa, red clothes
https://pixabay.com/videos/hair-wind-girl-woman-people-43633/	black long hair, wind
https://pixabay.com/videos/river-urban-city-architecture-44509/	sunset, a bridge, water, river, tree
https://pixabay.com/videos/fishing-fish-fisherman-water-44534/	winter, snow, fishing rod, white, grass
https://pixabay.com/videos/path-people-helicopter-mountains-44702/	winter, snow mountain, white, tree
https://pixabay.com/videos/clouds-mountains-panorama-outdoor-45150/	green grass, spring, cloud
https://pixabay.com/videos/coffee-beans-caffeine-coffee-shop-45358/	cocoa, cacao, fill-in light
https://pixabay.com/videos/glacier-express-bernina-express-rhb-45569/	a green train, rail, coast, grassland
https://pixabay.com/videos/bird-parrot-nature-animal-colorful-46026/	a green bird, parrot
https://pixabay.com/videos/alone-person-man-people-guitar-46637/	a man is playing guita, back, white light, old photo
https://pixabay.com/videos/coffee-hot-drink-coffee-pot-46989/	orange, juicer, glass, orange juice
https://pixabay.com/videos/windmill-landscape-energy-sky-47905/	wind power generation, green grassland
https://pixabay.com/videos/golden-particles-overlay-decoration-48569/	white light particles
https://pixabay.com/videos/forest-woods-mystical-morning-49981/	magic forest, purple fog
https://pixabay.com/videos/sea-beach-sunset-tree-53127/	hot desert, dead wood
https://pixabay.com/videos/fog-mountains-road-foggy-dramatic-53358/	foggy, fork on the road, mountain, yellow stone
https://pixabay.com/videos/traffic-city-traffic-drone-53902/	uav aerial photography, night, dark, town
https://pixabay.com/videos/sheep-morning-sunray-nature-57647/	gloomy, forest, sheep
https://pixabay.com/videos/road-highway-drive-car-alps-57993/	the world war, smoke of gunpowder, flames, ruins, shambles, wasteland
https://pixabay.com/videos/woman-flowers-plants-field-garden-58142/	yellow flowers, a hand
https://pixabay.com/videos/mountains-fog-clouds-sunset-59291/	sun, cloud, chinese ink painting
https://pixabay.com/videos/sunflowers-bees-field-bloom-summer-59483/	red flowers
https://pixabay.com/videos/mountains-trees-woods-forest-61818/	CG, 2.5D, winter, snow, forest, trees, white
https://pixabay.com/videos/ocean-sunset-sea-beach-coast-62249/	dark clouds, sea wave, thunder
https://pixabay.com/videos/woman-mask-healthcare-young-63241/	a woman, mask, phone, white clothes
https://pixabay.com/videos/clouds-cumulus-sky-fluffy-outdoors-64759/	blue sky, cloud
https://pixabay.com/videos/clouds-cumulus-sky-fluffy-outdoors-64767/	smoke smudge, dark, industrial waste gas, pollute
https://pixabay.com/videos/record-record-player-vinyl-65390/	black, disc, rotating, phonograph record
https://pixabay.com/videos/cat-feline-animal-mammal-kitten-65438/	an orange and white cat
https://pixabay.com/videos/ocean-waves-water-shore-florida-65560/	yellow beach, polluted turbid sea water
https://pixabay.com/videos/highland-cows-cows-cattle-scotland-65903/	a white cow
https://pixabay.com/videos/grass-dew-field-fog-morning-66810/	Japanese anime style, grass, early morning, dewdrop
https://pixabay.com/videos/flowers-cherry-flower-petals-bloom-66823/	sun, tree, red flowers
https://pixabay.com/videos/lake-houses-hill-mountain-boat-67201/	winter, sow, town, buildings
https://pixabay.com/videos/ink-water-underwater-foam-smoke-67358/	purple smoke
https://pixabay.com/videos/waves-ocean-sea-beach-byron-bay-70796/	summer, beach, sea, green forest
https://pixabay.com/videos/waves-sea-ocean-storm-water-tide-71122/	clean water, sea surface
https://pixabay.com/videos/blackthorn-bud-blossom-bloom-71457/	yellow flower bud
https://pixabay.com/videos/bike-beach-biker-mountain-bike-72566/	oil painting, a man is riding a bike on the beach, blue sea
https://pixabay.com/videos/flower-dandelion-wild-flowers-72763/	white flowers
https://pixabay.com/videos/sand-hand-beach-dessert-sea-73847/	golden yellow sand, hand
https://pixabay.com/videos/ocean-birds-waves-beach-sunset-74888/	blue water, lake
https://pixabay.com/videos/water-lilies-lotus-pond-75008/	lotus leaf, lotus, oil painting
https://pixabay.com/videos/skyscrapers-sunset-skyline-clouds-80724/	future city, technology
https://pixabay.com/videos/mountains-parachute-paragliding-81945/	cloudless day, sunshine, paraglider, extreme sports, cloud
https://pixabay.com/videos/sunrise-sunbeams-trees-woods-83880/	winter, snow, forest, tree, sunshine
https://pixabay.com/videos/people-sunset-stroll-moscow-glare-84973/	some people walking on the street, old movie
https://pixabay.com/videos/aurora-borealis-northern-lights-90877/	stars, night, sky, fog
https://pixabay.com/videos/mountains-alps-fog-snow-clouds-91545/	spring, mountain, cloud
https://pixabay.com/videos/skyscrapers-buildings-city-urban-91744/	cyberpunk, city, red neon light
https://pixabay.com/videos/skate-sport-water-action-exercise-110734/	surfing, sea wave, clear photography
https://pixabay.com/videos/sakura-flowers-spring-nature-japan-110790/	white flowers
https://pixabay.com/videos/jellyfish-underwater-ocean-water-110877/	purple jellyfish, medusa, acaleph, in the deep sea
https://pixabay.com/videos/fish-underwater-aquarium-swim-110879/	yellow fish, bright, beautiful
https://pixabay.com/videos/forest-nature-fog-mist-morning-111101/	dark forest, night
https://pixabay.com/videos/sunset-nature-sky-dubai-111204/	a city in desert, sunday,
https://pixabay.com/videos/beach-ocean-waves-water-sand-111263/	blue sea, uav aerial photography
https://pixabay.com/videos/nature-mountains-grass-flowers-111508/	spring, grass, flower, sunday
https://pixabay.com/videos/daffodils-easter-bells-spring-112389/	white flower bud, white flower
https://pixabay.com/videos/wood-anemones-wildflower-flower-112429/	yellow flower
https://pixabay.com/videos/live-wallpaper-sea-water-waves-112722/	blue water
https://pixabay.com/videos/windmill-turbine-energy-112957/	wind power generation, thunder, lightning
https://pixabay.com/videos/blooms-tree-blossoms-spring-branch-113004/	white flowers
https://pixabay.com/videos/frog-reeds-green-113403/	grey background, a frog
https://pixabay.com/videos/ocean-beach-sunset-sea-atmosphere-135658/	water, DOF, light
https://pixabay.com/videos/sea-ocean-beach-waves-sun-dusk-138588/	green water
https://pixabay.com/videos/sea-ocean-seagulls-birds-sunset-140111/	white sea mew, flying, sea
https://pixabay.com/videos/christmas-christmas-decorations-141964/	a red ball on the tree
https://pixabay.com/videos/pine-forest-snow-winter-snowfall-142579/	summer, rain, forest
https://pixabay.com/videos/clouds-sunlight-view-drone-nature-146169/	wind, cloud
https://pixabay.com/videos/reeds-grass-wind-golden-sunshine-152740/	autumn, yellow, setaria viridis
https://pixabay.com/videos/beach-sea-sand-island-elafonisos-153167/	a white sailboat, a lake
https://pixabay.com/videos/sunset-sea-sun-evening-atmosphere-153976/	sunset
https://pixabay.com/videos/beach-waves-natural-scenery-morning-158349/	polluted sea, beach
https://pixabay.com/videos/clouds-cloudscape-wind-nature-158384/	cloud, thunder, lightning, dark
https://pixabay.com/videos/lion-animal-wildlife-safari-lions-158980/	tigers, desert
https://pixabay.com/videos/flow-rocks-water-fluent-stones-159627/	winter, ice, snow, water, river
https://pixabay.com/videos/ocean-beach-waves-breaking-waves-160767/	water, froth, detergent
https://pixabay.com/videos/river-road-mountain-forest-nature-161071/	autumn, yellow forest, road, river, a car
https://pixabay.com/videos/flower-gemswurz-yellow-161178/	red flowers
https://pixabay.com/videos/dandelion-blossom-bloom-faded-163333/	red flowers
https://pixabay.com/videos/flower-water-lilies-lake-163869/	lotus, Chinese ink painting, colorful
https://pixabay.com/videos/flower-poppy-wind-wildflower-plant-164215/	yellow flower
https://pixabay.com/videos/fogging-landscape-forest-grasslands-164360/	purple fog in a village
https://pixabay.com/videos/carpenter-tool-handmade-industry-166808/	anime style, plane, wood, carpenter
https://pixabay.com/videos/snowball-flower-white-spherical-168572/	red fruit
